{
  "export_version": "0.079",
  "framed_nodes": {
    "A Number": "Frame.002",
    "A Number.001": "Frame.002",
    "Convex Hull": "Frame.003",
    "Cross Section": "Frame.001",
    "Cross Section.001": "Frame.001",
    "Cross Section.002": "Frame.001",
    "Extrude Separate Faces": "Frame.003",
    "Float Series.002": "Frame",
    "Frame": "Frame.005",
    "Frame.001": "Frame.005",
    "Frame.002": "Frame.005",
    "Frame.003": "Frame.005",
    "Frame.004": "Frame.005",
    "Input Switch MOD": "Frame.003",
    "List Item": "Frame.004",
    "Matrix in.002": "Frame",
    "Matrix in.003": "Frame",
    "Note.001": "Frame.005",
    "Random Vector": "Frame.003",
    "Regular Solid": "Frame.003",
    "Reroute": "Frame.003",
    "Reroute.001": "Frame.003",
    "Scalar Math": "Frame",
    "VD Experimental.001": "Frame.004",
    "VD Experimental.002": "Frame.004",
    "VD Experimental.003": "Frame.003",
    "Vector X | Y | Z": "Frame",
    "Vectors in.004": "Frame",
    "Vectors in.005": "Frame",
    "Vectors in.006": "Frame",
    "Vectors in.007": "Frame",
    "Wafel.003": "Frame.004",
    "Wafel.004": "Frame.004"
  },
  "groups": {},
  "nodes": {
    "A Number": {
      "bl_idname": "SvNumberNode",
      "height": 100.0,
      "hide": false,
      "label": "thickness",
      "location": [
        -2102.3719787597656,
        -1082.4689331054688
      ],
      "params": {
        "float_": 0.029999999329447746,
        "int_": 0
      },
      "width": 140.0
    },
    "A Number.001": {
      "bl_idname": "SvNumberNode",
      "height": 100.0,
      "hide": false,
      "label": "size sections",
      "location": [
        -2110.8441467285156,
        -983.3209838867188
      ],
      "params": {
        "float_": 0.800000011920929,
        "int_": 0
      },
      "width": 140.0
    },
    "Convex Hull": {
      "bl_idname": "SvConvexHullNodeMK2",
      "height": 100.0,
      "hide": false,
      "label": "",
      "location": [
        -1529.7906494140625,
        -793.7852783203125
      ],
      "params": {},
      "width": 140.0
    },
    "Cross Section": {
      "bl_idname": "CrossSectionNode",
      "height": 100.0,
      "hide": false,
      "label": "",
      "location": [
        -853.1024780273438,
        -698.6077880859375
      ],
      "params": {
        "fill_check": 1,
        "tri": 1
      },
      "width": 148.62173461914062
    },
    "Cross Section.001": {
      "bl_idname": "CrossSectionNode",
      "height": 100.0,
      "hide": false,
      "label": "",
      "location": [
        -858.571044921875,
        -958.7239990234375
      ],
      "params": {
        "fill_check": 1,
        "tri": 1
      },
      "width": 151.08511352539062
    },
    "Cross Section.002": {
      "bl_idname": "CrossSectionNode",
      "height": 100.0,
      "hide": false,
      "label": "",
      "location": [
        -601.2911987304688,
        -745.2752685546875
      ],
      "params": {
        "fill_check": 0,
        "tri": 0
      },
      "width": 140.0
    },
    "Extrude Separate Faces": {
      "bl_idname": "SvExtrudeSeparateNode",
      "height": 100.0,
      "hide": false,
      "label": "",
      "location": [
        -1544.0283203125,
        -500.4442138671875
      ],
      "params": {
        "height_": 0.20000000298023224,
        "scale_": 0.5
      },
      "width": 140.0
    },
    "Float Series.002": {
      "bl_idname": "SvGenFloatRange",
      "height": 100.0,
      "hide": false,
      "label": "",
      "location": [
        -1554.166732788086,
        -1027.5097045898438
      ],
      "params": {
        "count_": 5,
        "mode": "FRANGE_COUNT",
        "start_": -0.699999988079071,
        "stop_": 0.5
      },
      "width": 140.0
    },
    "Frame": {
      "bl_idname": "NodeFrame",
      "height": 490.6219482421875,
      "hide": false,
      "label": "Section matrices",
      "location": [
        -70.76756286621094,
        -408.28802490234375
      ],
      "params": {},
      "width": 564.5869140625
    },
    "Frame.001": {
      "bl_idname": "NodeFrame",
      "height": 533.392333984375,
      "hide": false,
      "label": "sections",
      "location": [
        -1477.2991943359375,
        1190.4915771484375
      ],
      "params": {},
      "width": 457.2799072265625
    },
    "Frame.002": {
      "bl_idname": "NodeFrame",
      "height": 233.678955078125,
      "hide": false,
      "label": "inputs",
      "location": [
        41.326019287109375,
        191.23883056640625
      ],
      "params": {},
      "width": 208.4720458984375
    },
    "Frame.003": {
      "bl_idname": "NodeFrame",
      "height": 468.25457763671875,
      "hide": false,
      "label": "Object_to_sect",
      "location": [
        -176.2230224609375,
        -150.84490966796875
      ],
      "params": {},
      "width": 841.3101806640625
    },
    "Frame.004": {
      "bl_idname": "NodeFrame",
      "height": 670.0707397460938,
      "hide": false,
      "label": "outputs",
      "location": [
        -28.274215698242188,
        -205.84217834472656
      ],
      "params": {},
      "width": 688.8506469726562
    },
    "Frame.005": {
      "bl_idname": "NodeFrame",
      "color": [
        0.6079999804496765,
        0.6079999804496765,
        0.6079999804496765
      ],
      "height": 1367.8226318359375,
      "hide": false,
      "label": "",
      "location": [
        -30.0,
        10.0
      ],
      "params": {},
      "use_custom_color": true,
      "width": 2527.662109375
    },
    "Input Switch MOD": {
      "bl_idname": "SvInputSwitchNodeMOD",
      "height": 100.0,
      "hide": false,
      "label": "",
      "location": [
        -1350.2115478515625,
        -557.7578125
      ],
      "params": {
        "num_switches": 3,
        "selected": 1
      },
      "width": 140.0
    },
    "List Item": {
      "bl_idname": "SvListItemNode",
      "height": 100.0,
      "hide": true,
      "label": "",
      "location": [
        -332.0327606201172,
        -1047.521255493164
      ],
      "params": {
        "index": 2,
        "level": 1
      },
      "width": 140.0
    },
    "Matrix in.002": {
      "bl_idname": "SvMatrixGenNodeMK2",
      "height": 100.0,
      "hide": false,
      "label": "",
      "location": [
        -1189.579818725586,
        -989.3639526367188
      ],
      "params": {},
      "width": 140.0
    },
    "Matrix in.003": {
      "bl_idname": "SvMatrixGenNodeMK2",
      "height": 100.0,
      "hide": false,
      "label": "",
      "location": [
        -1189.579818725586,
        -1176.3696899414062
      ],
      "params": {},
      "width": 140.0
    },
    "Note.001": {
      "bl_idname": "NoteNode",
      "color": [
        1.0,
        0.8993440270423889,
        0.9742509722709656
      ],
      "height": 100.0,
      "hide": false,
      "label": "2014_11_29 (2019_11_29 updated)",
      "location": [
        -1403.0374755859375,
        -140.1774139404297
      ],
      "params": {
        "show_text": 0,
        "text": "This layout completely was developed by Nikitron\nWaffel layout represents power of simple math\nthat makes possible manufacturing from 3D"
      },
      "use_custom_color": true,
      "width": 320.0
    },
    "Random Vector": {
      "bl_idname": "RandomVectorNodeMK2",
      "color": [
        0.9200000166893005,
        0.9200000166893005,
        0.9200000166893005
      ],
      "height": 100.0,
      "hide": false,
      "label": "",
      "location": [
        -1766.4925537109375,
        -780.1481323242188
      ],
      "params": {
        "count_inner": 500
      },
      "use_custom_color": true,
      "width": 140.0
    },
    "Regular Solid": {
      "bl_idname": "SvRegularSolid",
      "height": 100.0,
      "hide": false,
      "label": "",
      "location": [
        -1762.262939453125,
        -490.74542236328125
      ],
      "params": {
        "changing_preset": 0,
        "dual": 1,
        "eTrunc": 0.14800000190734863,
        "preset": "0",
        "size": 1.5,
        "snub": "Right",
        "source": "12",
        "vTrunc": 0.9750000238418579
      },
      "width": 140.0
    },
    "Reroute": {
      "bl_idname": "NodeReroute",
      "height": 100.0,
      "hide": false,
      "label": "",
      "location": [
        -1168.7572631835938,
        -770.4481811523438
      ],
      "params": {},
      "width": 16.0
    },
    "Reroute.001": {
      "bl_idname": "NodeReroute",
      "height": 100.0,
      "hide": false,
      "label": "",
      "location": [
        -1176.5834350585938,
        -870.4052124023438
      ],
      "params": {},
      "width": 16.0
    },
    "Scalar Math": {
      "bl_idname": "SvScalarMathNodeMK3",
      "height": 100.0,
      "hide": true,
      "label": "",
      "location": [
        -1545.2794036865234,
        -992.3779907226562
      ],
      "params": {
        "current_op": "NEG",
        "input_mode_two": "Float"
      },
      "width": 127.0509033203125
    },
    "VD Experimental.001": {
      "bl_idname": "SvVDExperimental",
      "color": [
        0.6284880042076111,
        0.931007981300354,
        1.0
      ],
      "height": 100.0,
      "hide": false,
      "label": "",
      "location": [
        156.81788635253906,
        -651.9292449951172
      ],
      "params": {
        "activate": 1,
        "display_verts": 0
      },
      "use_custom_color": true,
      "width": 140.0
    },
    "VD Experimental.002": {
      "bl_idname": "SvVDExperimental",
      "color": [
        0.6284880042076111,
        0.931007981300354,
        1.0
      ],
      "height": 100.0,
      "hide": false,
      "label": "",
      "location": [
        140.6286163330078,
        -1000.6797637939453
      ],
      "params": {
        "display_verts": 0,
        "edge_color": [
          1.0,
          0.20546786487102509,
          0.03758023679256439,
          1.0
        ]
      },
      "use_custom_color": true,
      "width": 140.0
    },
    "VD Experimental.003": {
      "bl_idname": "SvVDExperimental",
      "color": [
        0.6284880042076111,
        0.931007981300354,
        1.0
      ],
      "height": 100.0,
      "hide": false,
      "label": "",
      "location": [
        -1125.182373046875,
        -506.28521728515625
      ],
      "params": {
        "activate": 1,
        "display_edges": 1,
        "display_faces": 0,
        "display_verts": 0,
        "draw_gl_polygonoffset": 1,
        "draw_gl_wireframe": 0,
        "edge_color": [
          0.20071381330490112,
          0.39311447739601135,
          0.20071381330490112,
          1.0
        ],
        "face_color": [
          0.5,
          1.0,
          0.5,
          1.0
        ],
        "handle_concave_quads": 0,
        "node_ui_show_attrs_socket": 0,
        "selected_draw_mode": "facet",
        "u_dash_size": 0.30000001192092896,
        "u_gap_size": 0.20000000298023224,
        "use_dashed": 1
      },
      "use_custom_color": true,
      "width": 140.0
    },
    "Vector X | Y | Z": {
      "bl_idname": "SvAxisInputNodeMK2",
      "height": 100.0,
      "hide": false,
      "label": "",
      "location": [
        -1463.179428100586,
        -1205.8256225585938
      ],
      "params": {
        "axis_x": "0",
        "axis_y": "0"
      },
      "width": 100.0
    },
    "Vectors in.004": {
      "bl_idname": "GenVectorsNode",
      "height": 100.0,
      "hide": true,
      "label": "",
      "location": [
        -1304.1741790771484,
        -1029.9225463867188
      ],
      "params": {
        "y_": 0.0,
        "z_": 0.0
      },
      "width": 100.0
    },
    "Vectors in.005": {
      "bl_idname": "GenVectorsNode",
      "height": 100.0,
      "hide": true,
      "label": "",
      "location": [
        -1312.9229583740234,
        -1215.8671264648438
      ],
      "params": {
        "x_": 0.0,
        "z_": 0.0
      },
      "width": 100.0
    },
    "Vectors in.006": {
      "bl_idname": "GenVectorsNode",
      "height": 100.0,
      "hide": false,
      "label": "",
      "location": [
        -1319.7274017333984,
        -1291.6541137695312
      ],
      "params": {
        "x_": 0.029999999329447746,
        "y_": 1.0,
        "z_": 0.0
      },
      "width": 100.0
    },
    "Vectors in.007": {
      "bl_idname": "GenVectorsNode",
      "height": 100.0,
      "hide": false,
      "label": "",
      "location": [
        -1348.391098022461,
        -1062.6992797851562
      ],
      "params": {
        "x_": 1.0,
        "y_": 0.009999999776482582,
        "z_": 0.0
      },
      "width": 100.0
    },
    "Wafel.003": {
      "bl_idname": "SvWafelNode",
      "height": 100.0,
      "hide": false,
      "label": "",
      "location": [
        -81.18870544433594,
        -669.3585662841797
      ],
      "params": {
        "bindCircle": 0,
        "circle_rad": 0.019999999552965164,
        "do_contra": 1,
        "out_up_down": "Up",
        "rounded": 0,
        "rounded_outside": 0,
        "threshold": 10.0
      },
      "width": 140.0
    },
    "Wafel.004": {
      "bl_idname": "SvWafelNode",
      "color": [
        0.800000011920929,
        0.0,
        0.0
      ],
      "height": 100.0,
      "hide": false,
      "label": "",
      "location": [
        -87.87626647949219,
        -1011.7710723876953
      ],
      "params": {
        "bindCircle": 0,
        "circle_rad": 0.019999999552965164,
        "do_contra": 1,
        "do_tube_sect": 0,
        "out_up_down": "Down",
        "rounded": 0,
        "rounded_outside": 0,
        "threshold": 10.0
      },
      "use_custom_color": true,
      "width": 140.0
    }
  },
  "update_lists": [
    [
      "A Number.001",
      0,
      "Scalar Math",
      0
    ],
    [
      "Scalar Math",
      0,
      "Float Series.002",
      0
    ],
    [
      "A Number.001",
      0,
      "Float Series.002",
      1
    ],
    [
      "Float Series.002",
      0,
      "Vectors in.005",
      1
    ],
    [
      "Vectors in.005",
      0,
      "Matrix in.003",
      0
    ],
    [
      "Vector X | Y | Z",
      0,
      "Matrix in.003",
      2
    ],
    [
      "Vectors in.006",
      0,
      "Matrix in.003",
      3
    ],
    [
      "Regular Solid",
      0,
      "Extrude Separate Faces",
      0
    ],
    [
      "Regular Solid",
      2,
      "Extrude Separate Faces",
      2
    ],
    [
      "Random Vector",
      0,
      "Convex Hull",
      0
    ],
    [
      "Convex Hull",
      0,
      "Input Switch MOD",
      2
    ],
    [
      "Convex Hull",
      1,
      "Input Switch MOD",
      3
    ],
    [
      "Extrude Separate Faces",
      0,
      "Input Switch MOD",
      12
    ],
    [
      "Extrude Separate Faces",
      2,
      "Input Switch MOD",
      13
    ],
    [
      "Input Switch MOD",
      "Data 1",
      "Reroute.001",
      "Input"
    ],
    [
      "Input Switch MOD",
      "Data 0",
      "Reroute",
      "Input"
    ],
    [
      "Float Series.002",
      0,
      "Vectors in.004",
      0
    ],
    [
      "Vectors in.004",
      0,
      "Matrix in.002",
      0
    ],
    [
      "Vector X | Y | Z",
      0,
      "Matrix in.002",
      2
    ],
    [
      "Vectors in.007",
      0,
      "Matrix in.002",
      3
    ],
    [
      "Reroute",
      "Output",
      "Cross Section",
      "vertices"
    ],
    [
      "Reroute.001",
      "Output",
      "Cross Section",
      "edg_pol"
    ],
    [
      "Matrix in.002",
      0,
      "Cross Section",
      3
    ],
    [
      "Cross Section",
      0,
      "Cross Section.002",
      0
    ],
    [
      "Cross Section",
      1,
      "Cross Section.002",
      1
    ],
    [
      "Matrix in.003",
      0,
      "Cross Section.002",
      3
    ],
    [
      "Cross Section",
      0,
      "List Item",
      0
    ],
    [
      "Reroute",
      "Output",
      "Cross Section.001",
      "vertices"
    ],
    [
      "Reroute.001",
      "Output",
      "Cross Section.001",
      "edg_pol"
    ],
    [
      "Matrix in.003",
      0,
      "Cross Section.001",
      3
    ],
    [
      "Cross Section.002",
      0,
      "Wafel.004",
      0
    ],
    [
      "Cross Section.001",
      0,
      "Wafel.004",
      1
    ],
    [
      "Cross Section.001",
      1,
      "Wafel.004",
      2
    ],
    [
      "A Number",
      0,
      "Wafel.004",
      3
    ],
    [
      "List Item",
      0,
      "Wafel.004",
      4
    ],
    [
      "Wafel.004",
      0,
      "VD Experimental.002",
      0
    ],
    [
      "Wafel.004",
      1,
      "VD Experimental.002",
      1
    ],
    [
      "Cross Section.002",
      0,
      "Wafel.003",
      0
    ],
    [
      "Cross Section",
      0,
      "Wafel.003",
      1
    ],
    [
      "Cross Section",
      1,
      "Wafel.003",
      2
    ],
    [
      "A Number",
      0,
      "Wafel.003",
      3
    ],
    [
      "List Item",
      0,
      "Wafel.003",
      4
    ],
    [
      "Reroute",
      "Output",
      "VD Experimental.003",
      "verts"
    ],
    [
      "Reroute.001",
      "Output",
      "VD Experimental.003",
      "faces"
    ],
    [
      "Wafel.003",
      0,
      "VD Experimental.001",
      0
    ],
    [
      "Wafel.003",
      1,
      "VD Experimental.001",
      1
    ]
  ]
}
