{
  "export_version": "0.072",
  "framed_nodes": {
    "A Number": "Frame.005",
    "Int": "Frame",
    "List Del Levels": "Frame.002",
    "List Flip": "Frame.003",
    "List Slice": "Frame",
    "List Sum.001": "Frame.003",
    "Math": "Frame",
    "Math.001": "Frame.003",
    "Math.002": "Frame.003",
    "Mesh Join": "Frame.004",
    "Object ID Selector": "Frame.005",
    "Randomize input vertices": "Frame.004",
    "Range Float": "Frame.001",
    "Scripted Node": "Frame.002",
    "Scripted Node.001": "Frame.003",
    "Socket Converter": "Frame.005",
    "UV Connection": "Frame.004",
    "UV Connection.001": "Frame.003",
    "Vector Interpolation": "Frame.001",
    "Viewer Draw": "Frame.004"
  },
  "groups": {},
  "nodes": {
    "A Number": {
      "bl_idname": "SvNumberNode",
      "height": 100.0,
      "hide": false,
      "label": "length",
      "location": [
        69.47958374023438,
        -618.4173316955566
      ],
      "params": {
        "float_": 0.1600000262260437,
        "float_max": 3.0,
        "float_min": 0.10000000149011612,
        "int_": 0,
        "show_limits": 0,
        "to3d": 1
      },
      "width": 140.0
    },
    "Frame": {
      "bl_idname": "NodeFrame",
      "height": 269.48486328125,
      "hide": false,
      "label": "Filter Stroke",
      "location": [
        495.4943542480469,
        203.8535919189453
      ],
      "params": {},
      "width": 544.2972412109375
    },
    "Frame.001": {
      "bl_idname": "NodeFrame",
      "height": 199.1025390625,
      "hide": false,
      "label": "Resample Stroke",
      "location": [
        5125.36376953125,
        816.2737426757812
      ],
      "params": {},
      "width": 391.120361328125
    },
    "Frame.002": {
      "bl_idname": "NodeFrame",
      "height": 160.55029296875,
      "hide": false,
      "label": "case",
      "location": [
        -832.9010009765625,
        -113.90727996826172
      ],
      "params": {},
      "width": 390.2802734375
    },
    "Frame.003": {
      "bl_idname": "NodeFrame",
      "height": 303.828369140625,
      "hide": false,
      "label": "interpolation_range",
      "location": [
        1142.7911376953125,
        -64.77891540527344
      ],
      "params": {},
      "width": 1359.7698974609375
    },
    "Frame.004": {
      "bl_idname": "NodeFrame",
      "height": 326.6217041015625,
      "hide": false,
      "label": "output",
      "location": [
        82.65084838867188,
        -322.3453369140625
      ],
      "params": {},
      "width": 805.278564453125
    },
    "Frame.005": {
      "bl_idname": "NodeFrame",
      "height": 327.112060546875,
      "hide": false,
      "label": "inputs",
      "location": [
        -420.2162170410156,
        46.03658676147461
      ],
      "params": {},
      "width": 411.1200866699219
    },
    "Int": {
      "bl_idname": "IntegerNode",
      "height": 100.0,
      "hide": false,
      "label": "",
      "location": [
        540.1613464355469,
        -937.3727264404297
      ],
      "params": {
        "int_": 0
      },
      "width": 140.0
    },
    "List Del Levels": {
      "bl_idname": "ListLevelsNode",
      "height": 100.0,
      "hide": false,
      "label": "",
      "location": [
        813.274169921875,
        -426.71044158935547
      ],
      "params": {
        "Sverch_LisLev": "3,4"
      },
      "width": 140.0
    },
    "List Flip": {
      "bl_idname": "ListFlipNode",
      "height": 100.0,
      "hide": false,
      "label": "",
      "location": [
        2369.1981201171875,
        -604.2961883544922
      ],
      "params": {
        "level": 1
      },
      "width": 140.0
    },
    "List Slice": {
      "bl_idname": "ListSliceNode",
      "height": 100.0,
      "hide": false,
      "label": "",
      "location": [
        884.1057434082031,
        -858.2206268310547
      ],
      "params": {
        "level": 2,
        "start": 1,
        "stop": 2
      },
      "width": 140.0
    },
    "List Sum.001": {
      "bl_idname": "ListSumNodeMK2",
      "height": 100.0,
      "hide": false,
      "label": "",
      "location": [
        1660.065185546875,
        -701.1258392333984
      ],
      "params": {
        "level": 2
      },
      "width": 140.98712158203125
    },
    "Math": {
      "bl_idname": "ScalarMathNode",
      "height": 100.0,
      "hide": true,
      "label": "",
      "location": [
        758.2716979980469,
        -1042.2054901123047
      ],
      "params": {
        "items_": "+1"
      },
      "width": 140.0
    },
    "Math.001": {
      "bl_idname": "ScalarMathNode",
      "height": 100.0,
      "hide": false,
      "label": "",
      "location": [
        1921.7501220703125,
        -603.5833587646484
      ],
      "params": {
        "items_": "DIV",
        "x": 1.0
      },
      "width": 140.0
    },
    "Math.002": {
      "bl_idname": "ScalarMathNode",
      "height": 100.0,
      "hide": false,
      "label": "",
      "location": [
        2149.1981811523438,
        -608.2121429443359
      ],
      "params": {
        "items_": "MUL",
        "y": 1.0
      },
      "width": 140.0
    },
    "Mesh Join": {
      "bl_idname": "SvMeshJoinNode",
      "height": 100.0,
      "hide": false,
      "label": "",
      "location": [
        3299.160369873047,
        -602.8524169921875
      ],
      "params": {},
      "width": 140.0
    },
    "Note": {
      "bl_idname": "NoteNode",
      "color": [
        0.5,
        0.5,
        1.0
      ],
      "height": 100.0,
      "hide": false,
      "label": "",
      "location": [
        1124.383544921875,
        -408.6473388671875
      ],
      "params": {
        "text": "nikitron - greace pencil injection from 3D. Draw GP first (D+LMB) and update tree - change length of stroke"
      },
      "use_custom_color": true,
      "width": 400.0
    },
    "Object ID Selector": {
      "bl_idname": "SvGetAssetProperties",
      "height": 100.0,
      "hide": false,
      "label": "",
      "location": [
        22.282318115234375,
        -710.6749610900879
      ],
      "params": {
        "Mode": "grease_pencil",
        "Type": "MESH",
        "gp_layer": "GP_Layer",
        "gp_name": "GPencil",
        "gp_pass_points": 1,
        "gp_selected_frame_mode": "active frame"
      },
      "width": 210.0
    },
    "Randomize input vertices": {
      "bl_idname": "SvRandomizeVerticesNode",
      "height": 100.0,
      "hide": false,
      "label": "",
      "location": [
        3492.395721435547,
        -593.4532470703125
      ],
      "params": {
        "random_x_": 0.0,
        "random_y_": 0.0,
        "random_z_": 0.0
      },
      "width": 140.0
    },
    "Range Float": {
      "bl_idname": "SvGenFloatRange",
      "height": 100.0,
      "hide": false,
      "label": "",
      "location": [
        2635.113037109375,
        -637.3681030273438
      ],
      "params": {
        "count_": 51,
        "mode": "FRANGE",
        "stop_": 1.0
      },
      "width": 140.0
    },
    "Scripted Node": {
      "bl_idname": "SvScriptNode",
      "color": [
        0.0,
        0.800000011920929,
        0.949999988079071
      ],
      "height": 100.0,
      "hide": false,
      "label": "GP_Import",
      "location": [
        623.3466796875,
        -423.9203109741211
      ],
      "params": {
        "button_names": "",
        "files_popup": "sv_lang_template.sn",
        "has_buttons": 0,
        "int_list": [
          0,
          0,
          2,
          3,
          4,
          5,
          6,
          7,
          8,
          9,
          10,
          11,
          12,
          13,
          14,
          15,
          16,
          17,
          18,
          19,
          20,
          21,
          22,
          23,
          24,
          25,
          26,
          27,
          28,
          29,
          30,
          31
        ],
        "script_name": "GP_Import",
        "script_str": "def sv_main(a=0):\n\n    in_sockets = [\n        ['s', 'nothing',  a],\n        ]\n\n    if bpy.data.grease_pencil:\n        verts_out = [[[[p.co[:] for p in str.points] for str in gl.active_frame.strokes] for gl in gp.layers] for gp in bpy.data.grease_pencil]\n    else:\n        verts_out = [[]]\n\n    out_sockets = [\n        ['v', 'verts', verts_out]\n    ]\n\n    return in_sockets, out_sockets",
        "user_name": "templates"
      },
      "use_custom_color": true,
      "width": 159.3731689453125
    },
    "Scripted Node.001": {
      "bl_idname": "SvScriptNode",
      "color": [
        0.0,
        0.800000011920929,
        0.949999988079071
      ],
      "height": 100.0,
      "hide": false,
      "label": "edge-length.py",
      "location": [
        1461.20263671875,
        -712.4481658935547
      ],
      "params": {
        "button_names": "",
        "files_popup": "edge-length.py",
        "has_buttons": 0,
        "script_name": "edge-length.py",
        "script_str": "import mathutils \nfrom mathutils import Vector\n\n#get length of all edges\n \ndef sv_main(verts=[[]],edges=[[]]):\n \n    # in boilerplate - make your own sockets\n    in_sockets = [\n        ['v', 'Vertices',  verts],\n        ['s', 'Edges',  edges],\n    ]\n    lengths = []\n    for v,es in zip(verts,edges):\n        lens=[]\n        for e0,e1 in es:\n            lens.append((Vector(v[e0])-Vector(v[e1])).length) \n        lengths.append(lens)    \n    \n    out_sockets = [\n        ['s', 'Lengths', lengths],\n    ]\n \n    return in_sockets, out_sockets\n",
        "user_name": "templates"
      },
      "use_custom_color": true,
      "width": 140.0
    },
    "Socket Converter": {
      "bl_idname": "ConverterNode",
      "color": [
        0.602957010269165,
        0.6740000247955322,
        0.5642769932746887
      ],
      "height": 100.0,
      "hide": true,
      "label": "",
      "location": [
        283.3141174316406,
        -710.3549537658691
      ],
      "params": {},
      "use_custom_color": true,
      "width": 140.0
    },
    "UV Connection": {
      "bl_idname": "LineConnectNodeMK2",
      "height": 100.0,
      "hide": false,
      "label": "",
      "location": [
        3088.561492919922,
        -607.89501953125
      ],
      "params": {
        "cicl_check_U": 0,
        "cicl_check_V": 0,
        "cup_U": 0,
        "dir_check": "U_dir",
        "polygons": "Edges",
        "slice_check": 0
      },
      "width": 140.0
    },
    "UV Connection.001": {
      "bl_idname": "LineConnectNodeMK2",
      "height": 100.0,
      "hide": false,
      "label": "",
      "location": [
        1209.7811889648438,
        -627.4427337646484
      ],
      "params": {
        "dir_check": "U_dir",
        "polygons": "Edges",
        "slice_check": 1
      },
      "width": 140.0
    },
    "Vector Interpolation": {
      "bl_idname": "SvInterpolationNode",
      "height": 100.0,
      "hide": false,
      "label": "",
      "location": [
        2825.88037109375,
        -646.1871948242188
      ],
      "params": {
        "mode": "LIN",
        "t_in": 0.050000011920928955
      },
      "width": 140.0
    },
    "Viewer Draw": {
      "bl_idname": "ViewerNode2",
      "color": [
        0.6284880042076111,
        0.931007981300354,
        1.0
      ],
      "height": 100.0,
      "hide": false,
      "label": "",
      "location": [
        3693.487030029297,
        -591.3782958984375
      ],
      "params": {
        "activate": 1,
        "display_verts": 1
      },
      "use_custom_color": true,
      "width": 140.0
    }
  },
  "update_lists": [
    [
      "Object ID Selector",
      0,
      "Socket Converter",
      0
    ],
    [
      "Socket Converter",
      0,
      "UV Connection.001",
      0
    ],
    [
      "UV Connection.001",
      0,
      "Scripted Node.001",
      0
    ],
    [
      "UV Connection.001",
      1,
      "Scripted Node.001",
      1
    ],
    [
      "Scripted Node.001",
      0,
      "List Sum.001",
      0
    ],
    [
      "List Sum.001",
      0,
      "Math.001",
      1
    ],
    [
      "Math.001",
      0,
      "Math.002",
      0
    ],
    [
      "A Number",
      0,
      "Math.002",
      1
    ],
    [
      "Math.002",
      0,
      "List Flip",
      0
    ],
    [
      "List Flip",
      0,
      "Range Float",
      2
    ],
    [
      "Socket Converter",
      0,
      "Vector Interpolation",
      0
    ],
    [
      "Range Float",
      0,
      "Vector Interpolation",
      1
    ],
    [
      "Vector Interpolation",
      0,
      "UV Connection",
      0
    ],
    [
      "UV Connection",
      0,
      "Mesh Join",
      0
    ],
    [
      "UV Connection",
      1,
      "Mesh Join",
      1
    ],
    [
      "Mesh Join",
      0,
      "Randomize input vertices",
      0
    ],
    [
      "Int",
      0,
      "Math",
      0
    ],
    [
      "Randomize input vertices",
      0,
      "Viewer Draw",
      0
    ],
    [
      "Mesh Join",
      1,
      "Viewer Draw",
      1
    ],
    [
      "Socket Converter",
      0,
      "List Slice",
      0
    ],
    [
      "Int",
      0,
      "List Slice",
      1
    ],
    [
      "Math",
      0,
      "List Slice",
      2
    ],
    [
      "Scripted Node",
      0,
      "List Del Levels",
      0
    ]
  ]
}